{
  "train_loss": [
    0.11672225408256054,
    0.1018727496266365,
    0.09832111559808254,
    0.11355201713740826,
    0.10693639144301414,
    0.11442885175347328,
    0.10095618851482868,
    0.08966312184929848,
    0.10818669199943542,
    0.08888253010809422,
    0.09366857260465622,
    0.09885443188250065,
    0.10047508589923382
  ],
  "val_loss": [
    0.061603594571352005,
    0.046976517885923386,
    0.04252723231911659,
    0.05096413195133209,
    0.06077767536044121,
    0.06057394668459892,
    0.055193547159433365,
    0.052496448159217834,
    0.05095308646559715,
    0.05055830255150795,
    0.04905723035335541,
    0.04730464518070221,
    0.048235055059194565
  ],
  "train_acc": [
    0.171875,
    0.5859375,
    0.9140625,
    0.84375,
    0.5859375,
    0.2109375,
    0.40625,
    0.578125,
    0.6484375,
    0.671875,
    0.703125,
    0.765625,
    0.7890625
  ],
  "val_acc": [
    0.0,
    1.0,
    1.0,
    1.0,
    0.0,
    0.0,
    0.7391304347826086,
    0.9130434782608695,
    0.9130434782608695,
    0.9130434782608695,
    0.9130434782608695,
    0.9130434782608695,
    0.9130434782608695
  ],
  "train_prec": [
    0.4277777777777778,
    0.4770833333333333,
    0.592741935483871,
    0.4576271186440678,
    0.5138364779874214,
    0.4916666666666667,
    0.5219332807985291,
    0.5158156911581568,
    0.534729586426299,
    0.513596860106532,
    0.5304093567251462,
    0.5414285714285714,
    0.5678401173450678
  ],
  "train_rec": [
    0.3677966101694915,
    0.4178338001867414,
    0.5429505135387488,
    0.4576271186440678,
    0.5466101694915254,
    0.48601398601398604,
    0.5779645191409897,
    0.5749704840613932,
    0.6017871017871017,
    0.5572609208972845,
    0.6083333333333334,
    0.5983050847457627,
    0.6567796610169492
  ],
  "train_f1": [
    0.16678948661262588,
    0.40192189015251695,
    0.5542893320671098,
    0.4576271186440678,
    0.4420593798832141,
    0.20701711341470896,
    0.34886211512717535,
    0.4253408713002993,
    0.492197831261571,
    0.46153846153846156,
    0.49648033126293994,
    0.5364558184451955,
    0.5734912995186967
  ],
  "val_prec": [
    0.0,
    1.0,
    1.0,
    1.0,
    0.0,
    0.0,
    0.5,
    0.5,
    0.5,
    0.5,
    0.5,
    0.5,
    0.5
  ],
  "val_rec": [
    0.0,
    1.0,
    1.0,
    1.0,
    0.0,
    0.0,
    0.3695652173913043,
    0.45652173913043476,
    0.45652173913043476,
    0.45652173913043476,
    0.45652173913043476,
    0.45652173913043476,
    0.45652173913043476
  ],
  "val_f1": [
    0.0,
    1.0,
    1.0,
    1.0,
    0.0,
    0.0,
    0.425,
    0.4772727272727273,
    0.4772727272727273,
    0.4772727272727273,
    0.4772727272727273,
    0.4772727272727273,
    0.4772727272727273
  ],
  "lr": [
    0.001,
    0.001,
    0.001,
    0.001,
    0.001,
    0.001,
    0.001,
    0.001,
    0.0005,
    0.0005,
    0.0005,
    0.0005,
    0.0005
  ],
  "best_epoch": 3
}