{
  "train_loss": [
    1.006917268037796,
    0.9606587588787079,
    0.8901500403881073,
    0.9318434149026871,
    0.8782826662063599,
    0.858334943652153,
    0.7992348074913025,
    0.7885280251502991,
    0.7698885351419449,
    0.7253323495388031,
    0.6582836359739304
  ],
  "val_loss": [
    1.261277198791504,
    1.2649787664413452,
    1.292589783668518,
    1.3597699403762817,
    1.4112582206726074,
    1.4424017667770386,
    1.443458914756775,
    1.4414936304092407,
    1.4379340410232544,
    1.4536935091018677,
    1.508615255355835
  ],
  "train_acc": [
    0.6015625,
    0.59375,
    0.6171875,
    0.640625,
    0.6953125,
    0.7734375,
    0.8046875,
    0.7890625,
    0.7890625,
    0.8125,
    0.84375
  ],
  "val_acc": [
    0.4782608695652174,
    0.5217391304347826,
    0.5217391304347826,
    0.5652173913043478,
    0.5217391304347826,
    0.5217391304347826,
    0.5217391304347826,
    0.5217391304347826,
    0.5217391304347826,
    0.5217391304347826,
    0.5652173913043478
  ],
  "train_prec": [
    0.5733876945885841,
    0.6088235294117648,
    0.6092375366568915,
    0.6016016016016016,
    0.6614114114114114,
    0.7156699889258029,
    0.7527443105756358,
    0.7306818181818182,
    0.7406961178045515,
    0.7462365591397849,
    0.7824561403508772
  ],
  "val_prec": [
    0.45416666666666666,
    0.4955357142857143,
    0.4955357142857143,
    0.5441176470588236,
    0.4777777777777778,
    0.4777777777777778,
    0.4777777777777778,
    0.4777777777777778,
    0.4777777777777778,
    0.4777777777777778,
    0.5441176470588236
  ],
  "train_rec": [
    0.6010204081632653,
    0.6389236545682102,
    0.64865314266711,
    0.638095238095238,
    0.7057416267942584,
    0.7484848484848485,
    0.8072916666666667,
    0.7590111642743222,
    0.7812891113892365,
    0.7665447289657465,
    0.8285714285714285
  ],
  "val_rec": [
    0.45769230769230773,
    0.49615384615384617,
    0.49615384615384617,
    0.5346153846153846,
    0.48461538461538467,
    0.48461538461538467,
    0.48461538461538467,
    0.48461538461538467,
    0.48461538461538467,
    0.48461538461538467,
    0.5346153846153846
  ],
  "train_f1": [
    0.5560089777596409,
    0.5762668703845174,
    0.5862523913186886,
    0.592469545957918,
    0.6604774535809019,
    0.7265561694290976,
    0.7678299354277007,
    0.7412980013474062,
    0.7528427376099549,
    0.755023923444976,
    0.799749687108886
  ],
  "val_f1": [
    0.45238095238095233,
    0.486815415821501,
    0.486815415821501,
    0.5208333333333333,
    0.4559139784946237,
    0.4559139784946237,
    0.4559139784946237,
    0.4559139784946237,
    0.4559139784946237,
    0.4559139784946237,
    0.5208333333333333
  ],
  "train_rec_cheat": [
    0.6,
    0.7352941176470589,
    0.7096774193548387,
    0.6333333333333333,
    0.7272727272727273,
    0.696969696969697,
    0.8125,
    0.696969696969697,
    0.7647058823529411,
    0.6774193548387096,
    0.8
  ],
  "val_rec_cheat": [
    0.3,
    0.3,
    0.3,
    0.3,
    0.2,
    0.2,
    0.2,
    0.2,
    0.2,
    0.2,
    0.3
  ],
  "lr": [
    0.001,
    0.001,
    0.001,
    0.001,
    0.001,
    0.001,
    0.0005,
    0.0005,
    0.0005,
    0.0005,
    0.0005
  ],
  "best_epoch": 1
}