{
  "train_loss": [
    0.11450913455337286,
    0.10028022341430187,
    0.10926365852355957,
    0.10774599015712738,
    0.10994611494243145,
    0.10197959840297699,
    0.10856989026069641,
    0.1036096066236496,
    0.10476583242416382,
    0.09068900533020496,
    0.08635294996201992,
    0.08640877716243267,
    0.1068577952682972,
    0.08471317030489445,
    0.08194923121482134,
    0.09338652342557907,
    0.0835991632193327,
    0.0780462883412838,
    0.08563176076859236,
    0.07692250423133373,
    0.07072779163718224,
    0.06629700679332018,
    0.06333033088594675,
    0.06500314641743898,
    0.07013383973389864,
    0.061458295211195946,
    0.05725317541509867,
    0.05408415663987398,
    0.051397185772657394,
    0.05552841816097498,
    0.04438589420169592,
    0.05072942189872265,
    0.04648815747350454,
    0.04152329359203577,
    0.03871047077700496,
    0.03822065703570843,
    0.03634792426601052,
    0.0380554161965847,
    0.0581304170191288,
    0.04202546738088131,
    0.031023630872368813,
    0.036871000193059444,
    0.028374632354825735,
    0.03508277889341116,
    0.04327654559165239,
    0.028709661215543747,
    0.03543126117438078,
    0.02727556973695755,
    0.02950853295624256,
    0.025683806743472815,
    0.03247906547039747,
    0.02460958156734705,
    0.024391668383032084,
    0.02403308590874076,
    0.024220268009230494,
    0.030092690140008926,
    0.03893322963267565,
    0.02529484743718058,
    0.026058530434966087,
    0.023996795993298292,
    0.022073582746088505,
    0.0213706586509943,
    0.024617747170850635,
    0.026263081468641758,
    0.019315764075145125,
    0.024114799685776234,
    0.020422213710844517,
    0.02099952334538102,
    0.018954950384795666,
    0.020404919516295195,
    0.022192091681063175,
    0.021398226730525494,
    0.02015150268562138,
    0.018624329124577343,
    0.018372841412201524,
    0.019068372203037143,
    0.017625478329136968,
    0.018044575350359082,
    0.017473694635555148,
    0.015120426192879677,
    0.019925512140616775,
    0.023948669899255037,
    0.017457129200920463
  ],
  "val_loss": [
    0.05202126502990723,
    0.05741602182388306,
    0.05819203145802021,
    0.0626104474067688,
    0.06429344415664673,
    0.05922469682991505,
    0.06509416177868843,
    0.06346500292420387,
    0.058673737570643425,
    0.05544259771704674,
    0.04984012804925442,
    0.044692669063806534,
    0.04380269721150398,
    0.04497808776795864,
    0.044693583622574806,
    0.045042047277092934,
    0.04378480464220047,
    0.042958542704582214,
    0.04362768121063709,
    0.04249236732721329,
    0.03982934728264809,
    0.03750823438167572,
    0.03342322260141373,
    0.03242569509893656,
    0.0347038209438324,
    0.03484155423939228,
    0.03198980912566185,
    0.027693125419318676,
    0.024581773206591606,
    0.025657285004854202,
    0.021877285093069077,
    0.018402595072984695,
    0.01736287586390972,
    0.016716414131224155,
    0.01959860511124134,
    0.018776283133774996,
    0.0145792905241251,
    0.01124590402469039,
    0.01093419874086976,
    0.012713958509266376,
    0.01316440338268876,
    0.012996636796742678,
    0.012660323176532984,
    0.012052950449287891,
    0.014173798263072968,
    0.013804988004267216,
    0.012986102607101202,
    0.01128624053671956,
    0.009599422570317984,
    0.008536275010555983,
    0.007898022653535008,
    0.007953718537464738,
    0.00830360408872366,
    0.00843034079298377,
    0.007727906573563814,
    0.006925127934664488,
    0.0069073999766260386,
    0.006754447473213077,
    0.0060854386538267136,
    0.0053311912342906,
    0.004635395365767181,
    0.004155851202085614,
    0.004205354955047369,
    0.004858935251832008,
    0.005088392645120621,
    0.005925288540311158,
    0.007191772747319192,
    0.006685654050670564,
    0.0059521684888750315,
    0.0051880565588362515,
    0.004326782713178545,
    0.003894471738021821,
    0.0037443683831952512,
    0.0038620763807557523,
    0.004035084566567093,
    0.004247259697876871,
    0.004422961093951017,
    0.004693354072514921,
    0.00467788107926026,
    0.004636693687643856,
    0.0045690693077631295,
    0.0044651374337263405,
    0.004310315183829516
  ],
  "train_acc": [
    0.7578125,
    0.671875,
    0.4375,
    0.3828125,
    0.25,
    0.4140625,
    0.3671875,
    0.328125,
    0.4296875,
    0.5390625,
    0.65625,
    0.78125,
    0.8125,
    0.8203125,
    0.7578125,
    0.734375,
    0.7109375,
    0.71875,
    0.734375,
    0.703125,
    0.7890625,
    0.734375,
    0.78125,
    0.78125,
    0.7421875,
    0.71875,
    0.7734375,
    0.8046875,
    0.84375,
    0.8125,
    0.8359375,
    0.8515625,
    0.8359375,
    0.8671875,
    0.859375,
    0.828125,
    0.8125,
    0.859375,
    0.859375,
    0.875,
    0.8671875,
    0.859375,
    0.890625,
    0.8359375,
    0.8515625,
    0.875,
    0.890625,
    0.859375,
    0.8984375,
    0.890625,
    0.8828125,
    0.875,
    0.875,
    0.890625,
    0.8828125,
    0.8828125,
    0.8984375,
    0.8984375,
    0.8515625,
    0.859375,
    0.875,
    0.890625,
    0.8828125,
    0.875,
    0.890625,
    0.8984375,
    0.8984375,
    0.8984375,
    0.8984375,
    0.890625,
    0.90625,
    0.9140625,
    0.8984375,
    0.90625,
    0.9140625,
    0.9140625,
    0.921875,
    0.921875,
    0.90625,
    0.9375,
    0.9296875,
    0.9140625,
    0.90625
  ],
  "val_acc": [
    1.0,
    0.1,
    0.075,
    0.0,
    0.025,
    0.225,
    0.05,
    0.15,
    0.45,
    0.55,
    0.75,
    0.9,
    0.875,
    0.775,
    0.65,
    0.65,
    0.65,
    0.675,
    0.675,
    0.725,
    0.75,
    0.75,
    0.775,
    0.775,
    0.8,
    0.8,
    0.8,
    0.85,
    0.9,
    0.875,
    0.9,
    0.925,
    0.9,
    0.9,
    0.9,
    0.875,
    0.875,
    0.9,
    0.9,
    0.9,
    0.9,
    0.925,
    0.95,
    0.95,
    0.9,
    0.9,
    0.925,
    0.95,
    0.95,
    0.95,
    0.95,
    0.95,
    0.95,
    0.95,
    0.95,
    0.95,
    0.975,
    0.975,
    0.975,
    1.0,
    1.0,
    1.0,
    1.0,
    0.975,
    0.975,
    0.975,
    0.95,
    0.95,
    0.975,
    0.975,
    0.975,
    0.975,
    0.975,
    0.975,
    0.975,
    0.975,
    0.975,
    0.975,
    0.975,
    0.975,
    0.975,
    0.975,
    0.975
  ],