{
  "train_loss": [
    0.11450913455337286,
    0.10028022341430187,
    0.10926365852355957,
    0.10774599015712738,
    0.10994611494243145,
    0.10197959840297699,
    0.10856989026069641,
    0.1036096066236496,
    0.10476583242416382,
    0.09068900533020496,
    0.08635294996201992,
    0.08640877716243267,
    0.1068577952682972,
    0.08471317030489445,
    0.08194923121482134,
    0.09338652342557907,
    0.0835991632193327,
    0.0780462883412838,
    0.08563176076859236,
    0.07692250423133373,
    0.07072779163718224,
    0.06629700679332018,
    0.06333033088594675,
    0.06500314641743898,
    0.07013383973389864,
    0.061458295211195946,
    0.05725317541509867,
    0.05408415663987398,
    0.051397185772657394,
    0.05552841816097498,
    0.04438589420169592,
    0.05072942189872265,
    0.04648815747350454,
    0.04152329359203577,
    0.03871047077700496,
    0.03822065703570843,
    0.03634792426601052,
    0.0380554161965847,
    0.0581304170191288,
    0.04202546738088131,
    0.031023630872368813,
    0.036871000193059444,
    0.028374632354825735,
    0.03508277889341116,
    0.04327654559165239,
    0.028709661215543747,
    0.03543126117438078,
    0.02727556973695755,
    0.02950853295624256,
    0.025683806743472815,
    0.03247906547039747,
    0.02460958156734705,
    0.024391668383032084,
    0.02403308590874076,
    0.024220268009230494,
    0.030092690140008926,
    0.03893322963267565,
    0.025210880325175822,
    0.026472357334569097,
    0.023945790249854326,
    0.02231860300526023
  ],
  "val_loss": [
    0.052208829671144485,
    0.057474732398986816,
    0.058119092136621475,
    0.0623483806848526,
    0.06387165188789368,
    0.05870315805077553,
    0.06410976499319077,
    0.06227041408419609,
    0.05756150931119919,
    0.05437863618135452,
    0.048932433128356934,
    0.044047459959983826,
    0.04346654191613197,
    0.04518970847129822,
    0.04536436125636101,
    0.04574965313076973,
    0.044280510395765305,
    0.04329174757003784,
    0.04329875484108925,
    0.041860125958919525,
    0.039594121277332306,
    0.03800518065690994,
    0.034432411193847656,
    0.03371788188815117,
    0.0353703573346138,
    0.03474223241209984,
    0.03134679049253464,
    0.026930516585707664,
    0.023996742442250252,
    0.025493144989013672,
    0.02164718508720398,
    0.018020130693912506,
    0.016672158613801003,
    0.016124211251735687,
    0.020904341712594032,
    0.021400241181254387,
    0.016649790108203888,
    0.011787910014390945,
    0.011602579616010189,
    0.015556726604700089,
    0.017117474228143692,
    0.016955260187387466,
    0.016121556982398033,
    0.014693770557641983,
    0.018085572868585587,
    0.017406053841114044,
    0.01566234976053238,
    0.01224727276712656,
    0.008883628994226456,
    0.0073279133066535,
    0.00694509269669652,
    0.007833341136574745,
    0.009412545710802078,
    0.010363021865487099,
    0.009709576144814491,
    0.008620142005383968,
    0.009005523286759853,
    0.008972862735390663,
    0.008396387100219727,
    0.007651005871593952,
    0.006912331562489271
  ],
  "train_acc": [
    0.7578125,
    0.671875,
    0.4375,
    0.3828125,
    0.25,
    0.4140625,
    0.3671875,
    0.328125,
    0.4296875,
    0.5390625,
    0.65625,
    0.78125,
    0.8125,
    0.8203125,
    0.7578125,
    0.734375,
    0.7109375,
    0.71875,
    0.734375,
    0.703125,
    0.7890625,
    0.734375,
    0.78125,
    0.78125,
    0.7421875,
    0.71875,
    0.7734375,
    0.8046875,
    0.84375,
    0.8125,
    0.8359375,
    0.8515625,
    0.8359375,
    0.8671875,
    0.859375,
    0.828125,
    0.8125,
    0.859375,
    0.859375,
    0.875,
    0.8671875,
    0.859375,
    0.890625,
    0.8359375,
    0.8515625,
    0.875,
    0.890625,
    0.859375,
    0.8984375,
    0.890625,
    0.8828125,
    0.875,
    0.875,
    0.890625,
    0.8828125,
    0.8828125,
    0.8984375,
    0.9140625,
    0.875,
    0.859375,
    0.8828125
  ],
  "val_acc": [
    1.0,
    0.13043478260869565,
    0.08695652173913043,
    0.0,
    0.043478260869565216,
    0.21739130434782608,
    0.043478260869565216,
    0.13043478260869565,
    0.4782608695652174,
    0.5217391304347826,
    0.782608695652174,
    0.9130434782608695,
    0.9130434782608695,
    0.782608695652174,
    0.6521739130434783,
    0.6521739130434783,
    0.6521739130434783,
    0.6956521739130435,
    0.6956521739130435,
    0.7391304347826086,
    0.782608695652174,
    0.782608695652174,
    0.8260869565217391,
    0.8260869565217391,
    0.8260869565217391,
    0.8260869565217391,
    0.8260869565217391,
    0.8695652173913043,
    0.9130434782608695,
    0.9130434782608695,
    0.9130434782608695,
    0.9565217391304348,
    0.9130434782608695,
    0.9130434782608695,
    0.9130434782608695,
    0.8695652173913043,
    0.8695652173913043,
    0.9130434782608695,
    0.9130434782608695,
    0.9130434782608695,
    0.9130434782608695,
    0.9565217391304348,
    0.9565217391304348,
    0.9565217391304348,
    0.9130434782608695,
    0.9130434782608695,
    0.9565217391304348,
    0.9565217391304348,
    0.9565217391304348,
    0.9565217391304348,
    0.9565217391304348,
    0.9565217391304348,
    0.9565217391304348,
    0.9565217391304348,
    0.9565217391304348,
    0.9565217391304348,
    0.9565217391304348,
    0.9565217391304348,
    0.9565217391304348,
    0.9565217391304348,
    1.0
  ],
  "val_prec": [
    1.0,
    1.0,
    1.0,
    0.0,
    1.0,
    1.0,
    1.0,
    1.0,
    1.0,
    1.0,
    1.0,
    1.0,
    1.0,
    1.0,
    1.0,
    1.0,
    1.0,
    1.0,
    1.0,
    1.0,
    1.0,
    1.0,
    1.0,
    1.0,
    1.0,
    1.0,
    1.0,
    1.0,
    1.0,
    1.0,
    1.0,
    1.0,
    1.0,
    1.0,
    1.0,
    1.0,
    1.0,
    1.0,
    1.0,
    1.0,
    1.0,
    1.0,
    1.0,
    1.0,
    1.0,
    1.0,
    1.0,
    1.0,
    1.0,
    1.0,
    1.0,
    1.0,
    1.0,
    1.0,
    1.0,
    1.0,
    1.0,
    1.0,
    1.0,
    1.0,
    1.0
  ],
  "val_rec": [
    1.0,
    0.13043478260869565,
    0.08695652173913043,
    0.0,
    0.043478260869565216,
    0.21739130434782608,
    0.043478260869565216,
    0.13043478260869565,
    0.4782608695652174,
    0.5217391304347826,
    0.782608695652174,
    0.9130434782608695,
    0.9130434782608695,
    0.782608695652174,
    0.6521739130434783,
    0.6521739130434783,
    0.6521739130434783,
    0.6956521739130435,
    0.6956521739130435,
    0.7391304347826086,
    0.782608695652174,
    0.782608695652174,
    0.8260869565217391,
    0.8260869565217391,
    0.8260869565217391,
    0.8260869565217391,
    0.8260869565217391,
    0.8695652173913043,
    0.9130434782608695,
    0.9130434782608695,
    0.9130434782608695,
    0.9565217391304348,
    0.9130434782608695,
    0.9130434782608695,
    0.9130434782608695,
    0.8695652173913043,
    0.8695652173913043,
    0.9130434782608695,
    0.9130434782608695,
    0.9130434782608695,
    0.9130434782608695,
    0.9565217391304348,
    0.9565217391304348,
    0.9565217391304348,
    0.9130434782608695,
    0.9130434782608695,
    0.9565217391304348,
    0.9565217391304348,
    0.9565217391304348,
    0.9565217391304348,
    0.9565217391304348,
    0.9565217391304348,
    0.9565217391304348,
    0.9565217391304348,
    0.9565217391304348,
    0.9565217391304348,
    0.9565217391304348,
    0.9565217391304348,
    0.9565217391304348,
    0.9565217391304348,
    1.0
  ],