{
  "train_loss": [
    0.11433431878685951,
    0.10129671543836594,
    0.10124158300459385,
    0.107354786247015,
    0.10781728103756905,
    0.09751428477466106,
    0.09365745075047016,
    0.1027727723121643,
    0.11157625913619995,
    0.11125654354691505,
    0.10926848463714123,
    0.10376999340951443,
    0.09190582297742367,
    0.08531264029443264,
    0.08724487572908401,
    0.08349210023880005,
    0.08824227377772331
  ],
  "val_loss": [
    0.04946279525756836,
    0.059395674616098404,
    0.057667966932058334,
    0.06478659808635712,
    0.06144608184695244,
    0.051063235849142075,
    0.04488096386194229,
    0.04718165844678879,
    0.05871505290269852,
    0.06408888101577759,
    0.0629708543419838,
    0.05595511570572853,
    0.05230797454714775,
    0.05076498165726662,
    0.04873014613986015,
    0.04773080348968506,
    0.04825913906097412
  ],
  "train_acc": [
    0.765625,
    0.734375,
    0.5,
    0.328125,
    0.3359375,
    0.5,
    0.7109375,
    0.7578125,
    0.578125,
    0.40625,
    0.359375,
    0.390625,
    0.6640625,
    0.65625,
    0.734375,
    0.7265625,
    0.8125
  ],
  "val_acc": [
    1.0,
    0.0,
    0.13043478260869565,
    0.0,
    0.043478260869565216,
    1.0,
    1.0,
    1.0,
    0.13043478260869565,
    0.043478260869565216,
    0.13043478260869565,
    0.4782608695652174,
    0.6086956521739131,
    0.6521739130434783,
    0.6956521739130435,
    0.7391304347826086,
    0.6956521739130435
  ],
  "train_prec": [
    0.45794392523364486,
    0.4991292232671543,
    0.5067155067155067,
    0.45140562248995986,
    0.5384856070087609,
    0.5201859554685588,
    0.5159754224270353,
    0.5386624869383491,
    0.4851282051282051,
    0.4984615384615385,
    0.5249207721117833,
    0.519946452476573,
    0.5604166666666667,
    0.5635897435897437,
    0.57850763468741,
    0.5656871218668971,
    0.6231292517006802
  ],
  "train_rec": [
    0.4117647058823529,
    0.4976657329598506,
    0.5256769374416433,
    0.33053221288515405,
    0.5955710955710956,
    0.5770308123249299,
    0.5541666666666667,
    0.5940677966101695,
    0.45084745762711864,
    0.4949152542372881,
    0.5672105672105672,
    0.5695611577964519,
    0.7166199813258637,
    0.7583333333333333,
    0.7544351073762838,
    0.7375,
    0.8067796610169492
  ],
  "train_f1": [
    0.4336283185840708,
    0.47464992757122165,
    0.3917433917433918,
    0.27041357370095437,
    0.31378114159571113,
    0.40116959064327484,
    0.48291298176656844,
    0.5311355311355311,
    0.4122448979591837,
    0.341991341991342,
    0.3271794871794872,
    0.33828207847295866,
    0.5147668165388345,
    0.5095785440613027,
    0.5641025641025641,
    0.5439275170518172,
    0.6444444444444444
  ],
  "val_prec": [
    1.0,
    0.0,
    0.5,
    0.0,
    0.5,
    1.0,
    1.0,
    1.0,
    0.5,
    0.5,
    0.5,
    0.5,
    0.5,
    0.5,
    0.5,
    0.5,
    0.5
  ],
  "val_rec": [
    1.0,
    0.0,
    0.06521739130434782,
    0.0,
    0.021739130434782608,
    1.0,
    1.0,
    1.0,
    0.06521739130434782,
    0.021739130434782608,
    0.06521739130434782,
    0.2391304347826087,
    0.30434782608695654,
    0.32608695652173914,
    0.34782608695652173,
    0.3695652173913043,
    0.34782608695652173
  ],
  "val_f1": [
    1.0,
    0.0,
    0.11538461538461539,
    0.0,
    0.041666666666666664,
    1.0,
    1.0,
    1.0,
    0.11538461538461539,
    0.041666666666666664,
    0.11538461538461539,
    0.3235294117647059,
    0.3783783783783784,
    0.39473684210526316,
    0.41025641025641024,
    0.425,
    0.41025641025641024
  ],
  "lr": [
    0.001,
    0.001,
    0.001,
    0.001,
    0.001,
    0.001,
    0.001,
    0.001,
    0.001,
    0.001,
    0.001,
    0.001,
    0.0005,
    0.0005,
    0.0005,
    0.0005,
    0.0005
  ],
  "best_epoch": 7
}