{
  "train_loss": [
    1.0221261382102966,
    0.9770259261131287,
    0.923956111073494,
    0.9316197335720062,
    0.8916794061660767,
    0.8801434487104416,
    0.8543103486299515,
    0.8325083702802658,
    0.8011513352394104,
    0.8253591954708099,
    0.7812604010105133
  ],
  "val_loss": [
    1.2122360467910767,
    1.2326394319534302,
    1.2667133808135986,
    1.2992370128631592,
    1.280337929725647,
    1.3153914213180542,
    1.3072402477264404,
    1.3196278810501099,
    1.3448914289474487,
    1.3669713735580444,
    1.391427755355835
  ],
  "train_acc": [
    0.453125,
    0.5390625,
    0.6171875,
    0.6640625,
    0.703125,
    0.6796875,
    0.734375,
    0.703125,
    0.78125,
    0.7265625,
    0.7890625
  ],
  "val_acc": [
    0.6086956521739131,
    0.5652173913043478,
    0.6086956521739131,
    0.6086956521739131,
    0.6086956521739131,
    0.6086956521739131,
    0.6521739130434783,
    0.6521739130434783,
    0.6521739130434783,
    0.6521739130434783,
    0.5217391304347826
  ],
  "train_prec": [
    0.5082051282051282,
    0.5845283018867925,
    0.6211233211233211,
    0.6275471698113207,
    0.6853352984524687,
    0.6478978978978979,
    0.6931499872676343,
    0.6805040770941438,
    0.7333858681376412,
    0.6816068199431671,
    0.7399257688229056
  ],
  "val_prec": [
    0.6192307692307693,
    0.5576923076923077,
    0.5982142857142857,
    0.5982142857142857,
    0.5982142857142857,
    0.5982142857142857,
    0.6458333333333333,
    0.6458333333333333,
    0.6458333333333333,
    0.6458333333333333,
    0.4955357142857143
  ],
  "train_rec": [
    0.5104166666666666,
    0.609375,
    0.6614583333333333,
    0.6586357947434294,
    0.7406698564593301,
    0.6815668202764977,
    0.7419457735247209,
    0.7244239631336405,
    0.7834130781499202,
    0.7199624530663329,
    0.7886762360446571
  ],
  "val_rec": [
    0.6192307692307693,
    0.5576923076923077,
    0.5846153846153846,
    0.5846153846153846,
    0.5846153846153846,
    0.5846153846153846,
    0.6346153846153846,
    0.6346153846153846,
    0.6346153846153846,
    0.6346153846153846,
    0.49615384615384617
  ],
  "train_f1": [
    0.44209215442092153,
    0.5263124882393527,
    0.5933346300979057,
    0.6256546283071482,
    0.6776246023329799,
    0.6469084303303505,
    0.698781838316722,
    0.6776246023329799,
    0.7454545454545455,
    0.6880005571418623,
    0.7528427376099549
  ],
  "val_f1": [
    0.6086956521739131,
    0.5576923076923077,
    0.5801217038539555,
    0.5801217038539555,
    0.5801217038539555,
    0.5801217038539555,
    0.6349206349206349,
    0.6349206349206349,
    0.6349206349206349,
    0.6349206349206349,
    0.486815415821501
  ],
  "train_rec_cheat": [
    0.625,
    0.75,
    0.75,
    0.6470588235294118,
    0.8181818181818182,
    0.6857142857142857,
    0.7575757575757576,
    0.7714285714285715,
    0.7878787878787878,
    0.7058823529411765,
    0.7878787878787878
  ],
  "val_rec_cheat": [
    0.7,
    0.5,
    0.4,
    0.4,
    0.4,
    0.4,
    0.5,
    0.5,
    0.5,
    0.5,
    0.3
  ],
  "lr": [
    0.001,
    0.001,
    0.001,
    0.001,
    0.001,
    0.001,
    0.0005,
    0.0005,
    0.0005,
    0.0005,
    0.0005
  ],
  "best_epoch": 1
}