{
  "train_loss": [
    1.0436941385269165,
    0.9784572571516037,
    0.9823254495859146,
    0.9508552700281143,
    0.9739276319742203,
    0.9739502519369125,
    0.9705854505300522,
    0.9504441767930984,
    0.9164523482322693,
    0.9261415898799896,
    0.8823281675577164,
    0.8926443606615067,
    0.9054021835327148,
    0.8915059268474579,
    0.8124983757734299,
    0.8535213619470596,
    0.8852714449167252,
    0.8267588019371033
  ],
  "val_loss": [
    1.262629508972168,
    1.263177752494812,
    1.301894187927246,
    1.3186237812042236,
    1.323473572731018,
    1.2765275239944458,
    1.2281007766723633,
    1.1797361373901367,
    1.217969536781311,
    1.2411984205245972,
    1.2682985067367554,
    1.2897485494613647,
    1.3377588987350464,
    1.2753970623016357,
    1.266106367111206,
    1.2671482563018799,
    1.2302196025848389,
    1.2031569480895996
  ],
  "train_acc": [
    0.5390625,
    0.5,
    0.5078125,
    0.5703125,
    0.59375,
    0.609375,
    0.578125,
    0.546875,
    0.609375,
    0.6171875,
    0.703125,
    0.6484375,
    0.6796875,
    0.71875,
    0.7421875,
    0.7265625,
    0.6875,
    0.7265625
  ],
  "val_acc": [
    0.5652173913043478,
    0.5217391304347826,
    0.5652173913043478,
    0.5652173913043478,
    0.5652173913043478,
    0.5217391304347826,
    0.5217391304347826,
    0.6086956521739131,
    0.6521739130434783,
    0.5652173913043478,
    0.5652173913043478,
    0.5652173913043478,
    0.5652173913043478,
    0.5652173913043478,
    0.5652173913043478,
    0.5652173913043478,
    0.6086956521739131,
    0.5652173913043478
  ],
  "train_prec": [
    0.5165024630541872,
    0.5666666666666667,
    0.5611153552330023,
    0.5822118913628579,
    0.59375,
    0.6021505376344086,
    0.578125,
    0.5793650793650793,
    0.6056166056166056,
    0.6208791208791209,
    0.6746031746031746,
    0.5989408421596487,
    0.6036935704514363,
    0.6558441558441558,
    0.6791125541125541,
    0.6720572640509014,
    0.6325190438665615,
    0.6891823899371069
  ],
  "val_prec": [
    0.5576923076923077,
    0.5307692307692308,
    0.5576923076923077,
    0.55,
    0.55,
    0.4955357142857143,
    0.4955357142857143,
    0.6192307692307693,
    0.6568627450980392,
    0.5394736842105263,
    0.5394736842105263,
    0.5394736842105263,
    0.5357142857142857,
    0.5394736842105263,
    0.5394736842105263,
    0.5394736842105263,
    0.6055555555555556,
    0.5441176470588236
  ],
  "train_rec": [
    0.521371610845295,
    0.5833333333333334,
    0.578125,
    0.609375,
    0.6201501877346683,
    0.6307884856070087,
    0.600125156445557,
    0.6041666666666666,
    0.6379585326953748,
    0.654881101376721,
    0.7291666666666667,
    0.6198372966207759,
    0.6289115646258503,
    0.6875,
    0.7201529763884269,
    0.7070175438596491,
    0.6609250398724082,
    0.7447916666666667
  ],
  "val_rec": [
    0.5576923076923077,
    0.5307692307692308,
    0.5576923076923077,
    0.5461538461538462,
    0.5461538461538462,
    0.49615384615384617,
    0.49615384615384617,
    0.6192307692307693,
    0.6230769230769231,
    0.5230769230769231,
    0.5230769230769231,
    0.5230769230769231,
    0.5115384615384616,
    0.5230769230769231,
    0.5230769230769231,
    0.5230769230769231,
    0.573076923076923,
    0.5346153846153846
  ],
  "train_f1": [
    0.49703629703629704,
    0.4920634920634921,
    0.4967234600262123,
    0.5470629865534324,
    0.570136915525704,
    0.5833333333333334,
    0.5536037199690003,
    0.5303643724696356,
    0.5833333333333334,
    0.5964742971112398,
    0.670995670995671,
    0.5988578591823943,
    0.6071562242682835,
    0.6631578947368422,
    0.688839779005525,
    0.6796109561610527,
    0.6363636363636364,
    0.6917784657722739
  ],
  "val_f1": [
    0.5576923076923077,
    0.5217391304347826,
    0.5576923076923077,
    0.5436507936507937,
    0.5436507936507937,
    0.486815415821501,
    0.486815415821501,
    0.6086956521739131,
    0.6166666666666667,
    0.48660714285714285,
    0.48660714285714285,
    0.48660714285714285,
    0.4362745098039216,
    0.48660714285714285,
    0.48660714285714285,
    0.48660714285714285,
    0.5548387096774194,
    0.5208333333333333
  ],
  "train_rec_cheat": [
    0.48484848484848486,
    0.75,
    0.71875,
    0.6875,
    0.6764705882352942,
    0.6764705882352942,
    0.6470588235294118,
    0.71875,
    0.696969696969697,
    0.7352941176470589,
    0.78125,
    0.5588235294117647,
    0.5333333333333333,
    0.625,
    0.6774193548387096,
    0.6666666666666666,
    0.6060606060606061,
    0.78125
  ],
  "val_rec_cheat": [
    0.5,
    0.6,
    0.5,
    0.4,
    0.4,
    0.3,
    0.3,
    0.7,
    0.4,
    0.2,
    0.2,
    0.2,
    0.1,
    0.2,
    0.2,
    0.2,
    0.3,
    0.3
  ],
  "lr": [
    0.001,
    0.001,
    0.001,
    0.001,
    0.001,
    0.001,
    0.001,
    0.001,
    0.001,
    0.001,
    0.001,
    0.001,
    0.001,
    0.0005,
    0.0005,
    0.0005,
    0.0005,
    0.0005
  ],
  "best_epoch": 8
}