{
  "train_loss": [
    0.11446487996727228,
    0.10045546293258667,
    0.10919670015573502,
    0.10788610950112343,
    0.11125901341438293,
    0.10121752694249153,
    0.10417321883141994,
    0.10086687095463276,
    0.10574205592274666,
    0.08963498845696449,
    0.08583865873515606,
    0.0844945777207613,
    0.10300851985812187,
    0.08235598169267178,
    0.0791917284950614,
    0.09155785478651524,
    0.07982037030160427,
    0.0787312500178814,
    0.0827457644045353,
    0.07202842831611633,
    0.07299370784312487,
    0.06376090086996555,
    0.06051419489085674,
    0.06533287838101387,
    0.06694908626377583,
    0.05920867808163166,
    0.05538581497967243,
    0.05288156773895025,
    0.050814141519367695,
    0.05720388237386942,
    0.04437843710184097,
    0.044986250810325146,
    0.044700268656015396,
    0.038687689229846,
    0.04048351664096117,
    0.03773026680573821,
    0.03803486982360482,
    0.03862067172303796,
    0.05771715007722378,
    0.042772903107106686,
    0.030988535843789577,
    0.03413832560181618,
    0.028066535480320454,
    0.03195551875978708,
    0.04176663048565388,
    0.02942746039479971,
    0.037724452558904886,
    0.026805962901562452,
    0.028801902662962675,
    0.023762750905007124
  ],
  "val_loss": [
    0.05100533366203308,
    0.05872576683759689,
    0.0603603795170784,
    0.062333378940820694,
    0.06608466804027557,
    0.06106400489807129,
    0.0616537481546402,
    0.0588231198489666,
    0.0562572181224823,
    0.05465911328792572,
    0.05071045085787773,
    0.04602164402604103,
    0.045015040785074234,
    0.04616229608654976,
    0.0459868460893631,
    0.04597623646259308,
    0.04498013108968735,
    0.04437621682882309,
    0.04448198154568672,
    0.0417884923517704,
    0.03805495426058769,
    0.035176604986190796,
    0.031342968344688416,
    0.03094431199133396,
    0.03241133317351341,
    0.03259787708520889,
    0.030322330072522163,
    0.02712898515164852,
    0.02395521104335785,
    0.02512071467936039,
    0.021864401176571846,
    0.018825504928827286,
    0.01745510846376419,
    0.016097191721200943,
    0.019500192254781723,
    0.019794832915067673,
    0.015844009816646576,
    0.012029332108795643,
    0.011484244838356972,
    0.014369376935064793,
    0.015442532487213612,
    0.015293838456273079,
    0.014692745171487331,
    0.01397229265421629,
    0.018687566742300987,
    0.0176472757011652,
    0.014858503825962543,
    0.01063920371234417,
    0.007571428082883358,
    0.0062925079837441444
  ],
  "train_acc": [
    0.7578125,
    0.65625,
    0.359375,
    0.3125,
    0.234375,
    0.2890625,
    0.3359375,
    0.4609375,
    0.5859375,
    0.5703125,
    0.6171875,
    0.7734375,
    0.8046875,
    0.78125,
    0.7890625,
    0.7109375,
    0.78125,
    0.703125,
    0.71875,
    0.71875,
    0.8046875,
    0.765625,
    0.8515625,
    0.8125,
    0.8046875,
    0.7578125,
    0.765625,
    0.796875,
    0.8515625,
    0.8359375,
    0.8515625,
    0.875,
    0.84375,
    0.859375,
    0.8828125,
    0.8203125,
    0.8203125,
    0.8671875,
    0.84375,
    0.8671875,
    0.875,
    0.8828125,
    0.875,
    0.9140625,
    0.8828125,
    0.90625,
    0.90625,
    0.8828125,
    0.890625,
    0.8984375
  ],
  "val_acc": [
    1.0,
    0.08695652173913043,
    0.043478260869565216,
    0.0,
    0.0,
    0.13043478260869565,
    0.21739130434782608,
    0.34782608695652173,
    0.5217391304347826,
    0.5217391304347826,
    0.6521739130434783,
    0.8260869565217391,
    0.8695652173913043,
    0.782608695652174,
    0.7391304347826086,
    0.6956521739130435,
    0.6956521739130435,
    0.6956521739130435,
    0.6956521739130435,
    0.7391304347826086,
    0.782608695652174,
    0.8260869565217391,
    0.8695652173913043,
    0.8260869565217391,
    0.8260869565217391,
    0.8260869565217391,
    0.8260869565217391,
    0.8695652173913043,
    0.9130434782608695,
    0.9130434782608695,
    0.9130434782608695,
    0.9130434782608695,
    0.9130434782608695,
    0.9130434782608695,
    0.9130434782608695,
    0.9130434782608695,
    0.9130434782608695,
    0.9565217391304348,
    1.0,
    0.9130434782608695,
    0.9130434782608695,
    0.9130434782608695,
    0.9565217391304348,
    0.9565217391304348,
    0.9130434782608695,
    0.9130434782608695,
    0.9565217391304348,
    0.9565217391304348,
    0.9565217391304348,
    1.0
  ],
  "train_prec": [
    0.45754716981132076,
    0.48631518294439646,
    0.49025974025974023,
    0.4963768115942029,
    0.522919448153093,
    0.5089790488859328,
    0.5341013824884793,
    0.5344654088050315,
    0.5602941176470588,
    0.5363547040039303,
    0.5207692307692308,
    0.5677083333333333,
    0.5908748114630468,
    0.5514285714285714,
    0.5864649151978716,
    0.5544511668107174,
    0.631578947368421,
    0.5454545454545454,
    0.5963203463203464,
    0.6086956521739131,
    0.6311004784688995,
    0.6153846153846154,
    0.6209109730848861,
    0.6354166666666667,
    0.6302083333333333,
    0.6219512195121951,
    0.6341463414634146,
    0.6285714285714286,
    0.6607142857142857,
    0.6246791345801247,
    0.6351456310679612,
    0.6826923076923077,
    0.6666666666666666,
    0.6896551724137931,
    0.7,
    0.6515151515151515,
    0.6166666666666667,
    0.6851851851851851,
    0.6673632880529432,
    0.6874057315233786,
    0.6923076923076923,
    0.6771012006861064,
    0.6923076923076923,
    0.7322549492998551,
    0.6487204249154997,
    0.7203703703703703,
    0.6578171091445427,
    0.6875,
    0.6956521739130435,
    0.717391304347826
  ],
  "train_rec": [
    0.40756302521008403,
    0.4556489262371615,
    0.4694915254237288,
    0.4898305084745762,
    0.54001554001554,
    0.5228813559322034,
    0.5940677966101695,
    0.6161016949152542,
    0.6911421911421911,
    0.6541666666666667,
    0.5956316410861866,
    0.7455726092089728,
    0.6872571872571873,
    0.65,
    0.7708333333333333,
    0.6601694915254237,
    0.8813559322033898,
    0.6666666666666667,
    0.8016949152542373,
    0.847457627118644,
    0.8483050847457627,
    0.8739495798319328,
    0.8041666666666667,
    0.8525423728813559,
    0.8108003108003108,
    0.8686440677966102,
    0.8717948717948718,
    0.8907563025210083,
    0.9201680672268908,
    0.8541666666666667,
    0.8625,
    0.8864406779661017,
    0.9152542372881356,
    0.9230769230769231,
    0.9364406779661016,
    0.902542372881356,
    0.9049586776859504,
    0.9279661016949152,
    0.8733488733488733,
    0.8861693861693862,
    0.9322033898305084,
    0.8856209150326797,
    0.9322033898305084,
    0.9076271186440679,
    0.8208333333333333,
    0.9033898305084747,
    0.8158205430932703,
    0.9369747899159664,
    0.9411764705882353,
    0.9449152542372881
  ],