{
  "train_loss": [
    0.09162918291985989,
    0.1224963404238224,
    0.10014731995761395,
    0.10800812393426895,
    0.10107293352484703,
    0.10935080051422119,
    0.1077676098793745,
    0.10656178928911686,
    0.09879123978316784,
    0.11053233593702316,
    0.10101420432329178
  ],
  "val_loss": [
    0.03961748629808426,
    0.0507705919444561,
    0.05614528805017471,
    0.05755878612399101,
    0.05181434750556946,
    0.05136949196457863,
    0.06064566224813461,
    0.061758145689964294,
    0.06174080818891525,
    0.061267685145139694,
    0.06070724129676819
  ],
  "train_acc": [
    0.6796875,
    0.890625,
    0.65625,
    0.390625,
    0.484375,
    0.828125,
    0.6171875,
    0.3671875,
    0.3359375,
    0.4296875,
    0.3515625
  ],
  "val_acc": [
    1.0,
    1.0,
    0.8260869565217391,
    0.0,
    1.0,
    1.0,
    0.0,
    0.0,
    0.0,
    0.0,
    0.0
  ],
  "train_prec": [
    0.5147727272727273,
    0.456,
    0.5170998632010944,
    0.45006226650062264,
    0.5045265475899192,
    0.49624060150375937,
    0.5055161544523247,
    0.49170013386880856,
    0.5125730994152047,
    0.5075910931174089,
    0.5147727272727273
  ],
  "train_rec": [
    0.5613931523022432,
    0.48717948717948717,
    0.5583566760037348,
    0.3127917833800187,
    0.5172735760971056,
    0.4949152542372881,
    0.5177966101694915,
    0.47372881355932206,
    0.5401493930905695,
    0.5233100233100233,
    0.5485527544351074
  ],
  "train_f1": [
    0.46574366283212865,
    0.47107438016528924,
    0.46907993966817496,
    0.3002523128679563,
    0.38245614035087716,
    0.4942528735632184,
    0.447059860707044,
    0.3160498713635464,
    0.30000643376439556,
    0.3644834387539958,
    0.31115865914543217
  ],
  "val_prec": [
    1.0,
    1.0,
    0.5,
    0.0,
    1.0,
    1.0,
    0.0,
    0.0,
    0.0,
    0.0,
    0.0
  ],
  "val_rec": [
    1.0,
    1.0,
    0.41304347826086957,
    0.0,
    1.0,
    1.0,
    0.0,
    0.0,
    0.0,
    0.0,
    0.0
  ],
  "val_f1": [
    1.0,
    1.0,
    0.4523809523809524,
    0.0,
    1.0,
    1.0,
    0.0,
    0.0,
    0.0,
    0.0,
    0.0
  ],
  "lr": [
    0.001,
    0.001,
    0.001,
    0.001,
    0.001,
    0.001,
    0.0005,
    0.0005,
    0.0005,
    0.0005,
    0.0005
  ],
  "best_epoch": 1
}